{
  "blah": {
    "position": [
      133.10314559345912,
      147.86196442469097,
      54.51589254469087
    ],
    "view": [
      35.24583885675167,
      -75.58494534746872,
      0.0,
      7386.806479095813,
      75.58494534746872,
      35.24583885675167,
      0.0,
      -14653.112956413184,
      0.0,
      0.0,
      83.39875970238356,
      -4546.557822295637
    ]
  }
}
